event_id,title,category,date,longitude,latitude,sequence,source,event_url
EONET_24268,Wildfire in Namibia 1031934,Wildfires,2026-09-11T19:00:00Z,16.525371955075,-19.219845995937,0,NASA EONET v3,https://eonet.gsfc.nasa.gov/api/v3/events/EONET_24268
EONET_24269,Wildfire in Namibia 1031935,Wildfires,2026-09-11T19:00:00Z,16.853097248467,-19.010826514308,0,NASA EONET v3,https://eonet.gsfc.nasa.gov/api/v3/events/EONET_24269
EONET_24288,Wildfire in Australia 1031957,Wildfires,2026-09-11T19:00:00Z,123.83814476183,-17.785345067781,0,NASA EONET v3,https://eonet.gsfc.nasa.gov/api/v3/events/EONET_24288
EONET_24289,Wildfire in Brazil 1031958,Wildfires,2026-09-11T19:00:00Z,-46.821645175035,-11.366068693712,0,NASA EONET v3,https://eonet.gsfc.nasa.gov/api/v3/events/EONET_24289
EONET_24290,Wildfire in Zambia 1031940,Wildfires,2026-09-10T19:00:00Z,23.624330877053,-17.296344622414,0,NASA EONET v3,https://eonet.gsfc.nasa.gov/api/v3/events/EONET_24290
EONET_24291,Wildfire in Brazil 1031959,Wildfires,2026-09-10T19:00:00Z,-50.133013156616,-9.3969353889694,0,NASA EONET v3,https://eonet.gsfc.nasa.gov/api/v3/events/EONET_24291
EONET_24292,Wildfire in Brazil 1031952,Wildfires,2026-09-10T19:00:00Z,-51.673864324419,-13.316752180446,0,NASA EONET v3,https://eonet.gsfc.nasa.gov/api/v3/events/EONET_24292
EONET_24245,Wildfire in Australia 1031915,Wildfires,2026-09-09T19:00:00Z,123.6974310692,-20.503068317887,0,NASA EONET v3,https://eonet.gsfc.nasa.gov/api/v3/events/EONET_24245
EONET_24246,Wildfire in Australia 1031916,Wildfires,2026-09-09T19:00:00Z,123.93079294141,-17.97505203661,0,NASA EONET v3,https://eonet.gsfc.nasa.gov/api/v3/events/EONET_24246
EONET_24247,Wildfire in Angola 1031899,Wildfires,2026-09-09T19:00:00Z,20.498908523505,-16.51419243014,0,NASA EONET v3,https://eonet.gsfc.nasa.gov/api/v3/events/EONET_24247
EONET_24248,Wildfire in Zambia 1031900,Wildfires,2026-09-09T19:00:00Z,31.823007365441,-10.941649111769,0,NASA EONET v3,https://eonet.gsfc.nasa.gov/api/v3/events/EONET_24248
EONET_24249,Wildfire in Botswana 1031898,Wildfires,2026-09-09T19:00:00Z,24.324062224471,-23.632054795735,0,NASA EONET v3,https://eonet.gsfc.nasa.gov/api/v3/events/EONET_24249
EONET_24270,Wildfire in Namibia 1031920,Wildfires,2026-09-09T19:00:00Z,20.523392756908,-18.134428187278,0,NASA EONET v3,https://eonet.gsfc.nasa.gov/api/v3/events/EONET_24270
EONET_24271,Wildfire in Namibia 1031921,Wildfires,2026-09-09T19:00:00Z,19.339364922523,-18.526100485669,0,NASA EONET v3,https://eonet.gsfc.nasa.gov/api/v3/events/EONET_24271
EONET_24293,Wildfire in Zambia 1031941,Wildfires,2026-09-09T19:00:00Z,31.891932385475,-10.870696115233,0,NASA EONET v3,https://eonet.gsfc.nasa.gov/api/v3/events/EONET_24293
EONET_23800,Cyclone Marie,Severe Storms,2026-09-01T06:00:00Z,-108.1,14.1,0,NASA EONET v3,https://eonet.gsfc.nasa.gov/api/v3/events/EONET_23800
EONET_23800,Cyclone Marie,Severe Storms,2026-09-02T00:00:00Z,-109.9,15.9,1,NASA EONET v3,https://eonet.gsfc.nasa.gov/api/v3/events/EONET_23800
EONET_23800,Cyclone Marie,Severe Storms,2026-09-02T12:00:00Z,-111.3,16.8,2,NASA EONET v3,https://eonet.gsfc.nasa.gov/api/v3/events/EONET_23800
EONET_23800,Cyclone Marie,Severe Storms,2026-09-03T06:00:00Z,-113.4,18.7,3,NASA EONET v3,https://eonet.gsfc.nasa.gov/api/v3/events/EONET_23800
EONET_23800,Cyclone Marie,Severe Storms,2026-09-04T00:00:00Z,-115.9,19.5,4,NASA EONET v3,https://eonet.gsfc.nasa.gov/api/v3/events/EONET_23800
EONET_23800,Cyclone Marie,Severe Storms,2026-09-04T12:00:00Z,-117.6,19.9,5,NASA EONET v3,https://eonet.gsfc.nasa.gov/api/v3/events/EONET_23800
EONET_23800,Cyclone Marie,Severe Storms,2026-09-05T06:00:00Z,-119.3,21.1,6,NASA EONET v3,https://eonet.gsfc.nasa.gov/api/v3/events/EONET_23800
EONET_23800,Cyclone Marie,Severe Storms,2026-09-05T18:00:00Z,-120.6,21.9,7,NASA EONET v3,https://eonet.gsfc.nasa.gov/api/v3/events/EONET_23800
EONET_23800,Cyclone Marie,Severe Storms,2026-09-06T12:00:00Z,-122.3,23.3,8,NASA EONET v3,https://eonet.gsfc.nasa.gov/api/v3/events/EONET_23800
EONET_23800,Cyclone Marie,Severe Storms,2026-09-07T06:00:00Z,-123.4,24.2,9,NASA EONET v3,https://eonet.gsfc.nasa.gov/api/v3/events/EONET_23800
EONET_23800,Cyclone Marie,Severe Storms,2026-09-07T18:00:00Z,-124.9,24.6,10,NASA EONET v3,https://eonet.gsfc.nasa.gov/api/v3/events/EONET_23800
EONET_23800,Cyclone Marie,Severe Storms,2026-09-08T12:00:00Z,-127.1,25.5,11,NASA EONET v3,https://eonet.gsfc.nasa.gov/api/v3/events/EONET_23800
EONET_23739,Tropical Storm Edouard,Severe Storms,2026-09-01T03:00:00Z,-91.8,28.6,0,NASA EONET v3,https://eonet.gsfc.nasa.gov/api/v3/events/EONET_23739
EONET_23739,Tropical Storm Edouard,Severe Storms,2026-09-01T09:00:00Z,-92.8,29.0,1,NASA EONET v3,https://eonet.gsfc.nasa.gov/api/v3/events/EONET_23739
EONET_23739,Tropical Storm Edouard,Severe Storms,2026-09-01T15:00:00Z,-93.3,29.4,2,NASA EONET v3,https://eonet.gsfc.nasa.gov/api/v3/events/EONET_23739
EONET_23739,Tropical Storm Edouard,Severe Storms,2026-09-01T21:00:00Z,-94.0,29.945,3,NASA EONET v3,https://eonet.gsfc.nasa.gov/api/v3/events/EONET_23739
EONET_23739,Tropical Storm Edouard,Severe Storms,2026-09-02T03:00:00Z,-94.6,30.5,4,NASA EONET v3,https://eonet.gsfc.nasa.gov/api/v3/events/EONET_23739
EONET_23739,Tropical Storm Edouard,Severe Storms,2026-09-02T09:00:00Z,-95.0,30.8,5,NASA EONET v3,https://eonet.gsfc.nasa.gov/api/v3/events/EONET_23739
EONET_23739,Tropical Storm Edouard,Severe Storms,2026-09-02T15:00:00Z,-95.0,31.3,6,NASA EONET v3,https://eonet.gsfc.nasa.gov/api/v3/events/EONET_23739
EONET_23739,Tropical Storm Edouard,Severe Storms,2026-09-02T21:00:00Z,-95.2,31.6,7,NASA EONET v3,https://eonet.gsfc.nasa.gov/api/v3/events/EONET_23739
EONET_23739,Tropical Storm Edouard,Severe Storms,2026-09-03T03:00:00Z,-95.7,32.2,8,NASA EONET v3,https://eonet.gsfc.nasa.gov/api/v3/events/EONET_23739
EONET_23739,Tropical Storm Edouard,Severe Storms,2026-09-03T09:00:00Z,-96.5,32.5,9,NASA EONET v3,https://eonet.gsfc.nasa.gov/api/v3/events/EONET_23739
EONET_23611,Hurricane Karina,Severe Storms,2026-08-27T18:00:00Z,-111.5,10.8,0,NASA EONET v3,https://eonet.gsfc.nasa.gov/api/v3/events/EONET_23611
EONET_23611,Hurricane Karina,Severe Storms,2026-08-28T18:00:00Z,-115.2,13.4,1,NASA EONET v3,https://eonet.gsfc.nasa.gov/api/v3/events/EONET_23611
EONET_23611,Hurricane Karina,Severe Storms,2026-08-29T12:00:00Z,-117.2,15.3,2,NASA EONET v3,https://eonet.gsfc.nasa.gov/api/v3/events/EONET_23611
EONET_23611,Hurricane Karina,Severe Storms,2026-08-30T12:00:00Z,-121.7,17.3,3,NASA EONET v3,https://eonet.gsfc.nasa.gov/api/v3/events/EONET_23611
EONET_23611,Hurricane Karina,Severe Storms,2026-08-31T12:00:00Z,-124.7,17.3,4,NASA EONET v3,https://eonet.gsfc.nasa.gov/api/v3/events/EONET_23611
EONET_23611,Hurricane Karina,Severe Storms,2026-09-01T12:00:00Z,-128.5,18.0,5,NASA EONET v3,https://eonet.gsfc.nasa.gov/api/v3/events/EONET_23611
EONET_23611,Hurricane Karina,Severe Storms,2026-09-02T06:00:00Z,-131.2,18.5,6,NASA EONET v3,https://eonet.gsfc.nasa.gov/api/v3/events/EONET_23611
EONET_23611,Hurricane Karina,Severe Storms,2026-09-03T06:00:00Z,-135.2,19.5,7,NASA EONET v3,https://eonet.gsfc.nasa.gov/api/v3/events/EONET_23611
EONET_23611,Hurricane Karina,Severe Storms,2026-09-04T06:00:00Z,-138.9,20.3,8,NASA EONET v3,https://eonet.gsfc.nasa.gov/api/v3/events/EONET_23611
EONET_23611,Hurricane Karina,Severe Storms,2026-09-05T06:00:00Z,-142.2,21.2,9,NASA EONET v3,https://eonet.gsfc.nasa.gov/api/v3/events/EONET_23611
EONET_23611,Hurricane Karina,Severe Storms,2026-09-06T00:00:00Z,-143.7,21.8,10,NASA EONET v3,https://eonet.gsfc.nasa.gov/api/v3/events/EONET_23611
EONET_23611,Hurricane Karina,Severe Storms,2026-09-07T00:00:00Z,-145.7,23.0,11,NASA EONET v3,https://eonet.gsfc.nasa.gov/api/v3/events/EONET_23611
EONET_23613,Tropical Storm Bang-Lang,Severe Storms,2026-08-27T06:00:00Z,162.4,16.9,0,NASA EONET v3,https://eonet.gsfc.nasa.gov/api/v3/events/EONET_23613
EONET_23613,Tropical Storm Bang-Lang,Severe Storms,2026-08-27T12:00:00Z,163.4,17.1,1,NASA EONET v3,https://eonet.gsfc.nasa.gov/api/v3/events/EONET_23613
EONET_23613,Tropical Storm Bang-Lang,Severe Storms,2026-08-27T18:00:00Z,164.2,17.6,2,NASA EONET v3,https://eonet.gsfc.nasa.gov/api/v3/events/EONET_23613
EONET_23613,Tropical Storm Bang-Lang,Severe Storms,2026-08-28T06:00:00Z,165.7,18.7,3,NASA EONET v3,https://eonet.gsfc.nasa.gov/api/v3/events/EONET_23613
EONET_23613,Tropical Storm Bang-Lang,Severe Storms,2026-08-28T12:00:00Z,166.5,19.5,4,NASA EONET v3,https://eonet.gsfc.nasa.gov/api/v3/events/EONET_23613
EONET_23613,Tropical Storm Bang-Lang,Severe Storms,2026-08-28T18:00:00Z,167.3,20.7,5,NASA EONET v3,https://eonet.gsfc.nasa.gov/api/v3/events/EONET_23613
EONET_23613,Tropical Storm Bang-Lang,Severe Storms,2026-08-29T00:00:00Z,167.8,22.3,6,NASA EONET v3,https://eonet.gsfc.nasa.gov/api/v3/events/EONET_23613
EONET_23613,Tropical Storm Bang-Lang,Severe Storms,2026-08-29T06:00:00Z,168.3,24.0,7,NASA EONET v3,https://eonet.gsfc.nasa.gov/api/v3/events/EONET_23613
EONET_23613,Tropical Storm Bang-Lang,Severe Storms,2026-08-29T12:00:00Z,168.7,25.3,8,NASA EONET v3,https://eonet.gsfc.nasa.gov/api/v3/events/EONET_23613
EONET_23613,Tropical Storm Bang-Lang,Severe Storms,2026-08-30T00:00:00Z,167.9,30.7,9,NASA EONET v3,https://eonet.gsfc.nasa.gov/api/v3/events/EONET_23613
EONET_23613,Tropical Storm Bang-Lang,Severe Storms,2026-08-30T06:00:00Z,167.3,33.3,10,NASA EONET v3,https://eonet.gsfc.nasa.gov/api/v3/events/EONET_23613
EONET_23613,Tropical Storm Bang-Lang,Severe Storms,2026-08-30T12:00:00Z,165.9,34.1,11,NASA EONET v3,https://eonet.gsfc.nasa.gov/api/v3/events/EONET_23613
EONET_23614,Tropical Storm Etau,Severe Storms,2026-08-27T00:00:00Z,167.7,20.4,0,NASA EONET v3,https://eonet.gsfc.nasa.gov/api/v3/events/EONET_23614
EONET_23614,Tropical Storm Etau,Severe Storms,2026-08-27T06:00:00Z,167.9,21.2,1,NASA EONET v3,https://eonet.gsfc.nasa.gov/api/v3/events/EONET_23614
EONET_23614,Tropical Storm Etau,Severe Storms,2026-08-27T18:00:00Z,167.8,23.0,2,NASA EONET v3,https://eonet.gsfc.nasa.gov/api/v3/events/EONET_23614
EONET_23614,Tropical Storm Etau,Severe Storms,2026-08-28T00:00:00Z,167.5,24.0,3,NASA EONET v3,https://eonet.gsfc.nasa.gov/api/v3/events/EONET_23614
EONET_23614,Tropical Storm Etau,Severe Storms,2026-08-28T06:00:00Z,166.8,24.6,4,NASA EONET v3,https://eonet.gsfc.nasa.gov/api/v3/events/EONET_23614
EONET_23614,Tropical Storm Etau,Severe Storms,2026-08-28T18:00:00Z,165.7,25.8,5,NASA EONET v3,https://eonet.gsfc.nasa.gov/api/v3/events/EONET_23614
EONET_23614,Tropical Storm Etau,Severe Storms,2026-08-29T00:00:00Z,165.8,26.4,6,NASA EONET v3,https://eonet.gsfc.nasa.gov/api/v3/events/EONET_23614
EONET_23614,Tropical Storm Etau,Severe Storms,2026-08-29T12:00:00Z,165.4,30.0,7,NASA EONET v3,https://eonet.gsfc.nasa.gov/api/v3/events/EONET_23614
EONET_23614,Tropical Storm Etau,Severe Storms,2026-08-29T18:00:00Z,165.0,30.7,8,NASA EONET v3,https://eonet.gsfc.nasa.gov/api/v3/events/EONET_23614
EONET_23614,Tropical Storm Etau,Severe Storms,2026-08-30T00:00:00Z,164.7,30.9,9,NASA EONET v3,https://eonet.gsfc.nasa.gov/api/v3/events/EONET_23614
EONET_23614,Tropical Storm Etau,Severe Storms,2026-08-30T12:00:00Z,166.0,31.1,10,NASA EONET v3,https://eonet.gsfc.nasa.gov/api/v3/events/EONET_23614
EONET_23614,Tropical Storm Etau,Severe Storms,2026-08-30T18:00:00Z,166.8,31.7,11,NASA EONET v3,https://eonet.gsfc.nasa.gov/api/v3/events/EONET_23614
EONET_23286,Tropical Storm Julio,Severe Storms,2026-08-25T06:00:00Z,-119.9,14.9,0,NASA EONET v3,https://eonet.gsfc.nasa.gov/api/v3/events/EONET_23286
EONET_23286,Tropical Storm Julio,Severe Storms,2026-08-25T12:00:00Z,-119.1,17.0,1,NASA EONET v3,https://eonet.gsfc.nasa.gov/api/v3/events/EONET_23286
EONET_23286,Tropical Storm Julio,Severe Storms,2026-08-25T18:00:00Z,-118.8,19.5,2,NASA EONET v3,https://eonet.gsfc.nasa.gov/api/v3/events/EONET_23286
EONET_23205,Tropical Storm Iselle,Severe Storms,2026-08-23T00:00:00Z,-111.9,14.1,0,NASA EONET v3,https://eonet.gsfc.nasa.gov/api/v3/events/EONET_23205
EONET_23205,Tropical Storm Iselle,Severe Storms,2026-08-23T06:00:00Z,-112.6,14.6,1,NASA EONET v3,https://eonet.gsfc.nasa.gov/api/v3/events/EONET_23205
EONET_23205,Tropical Storm Iselle,Severe Storms,2026-08-23T18:00:00Z,-114.6,16.6,2,NASA EONET v3,https://eonet.gsfc.nasa.gov/api/v3/events/EONET_23205
EONET_23205,Tropical Storm Iselle,Severe Storms,2026-08-24T00:00:00Z,-114.9,16.8,3,NASA EONET v3,https://eonet.gsfc.nasa.gov/api/v3/events/EONET_23205
EONET_23205,Tropical Storm Iselle,Severe Storms,2026-08-24T12:00:00Z,-116.7,18.2,4,NASA EONET v3,https://eonet.gsfc.nasa.gov/api/v3/events/EONET_23205
EONET_23205,Tropical Storm Iselle,Severe Storms,2026-08-24T18:00:00Z,-117.6,18.9,5,NASA EONET v3,https://eonet.gsfc.nasa.gov/api/v3/events/EONET_23205
EONET_23205,Tropical Storm Iselle,Severe Storms,2026-08-25T06:00:00Z,-119.6,20.4,6,NASA EONET v3,https://eonet.gsfc.nasa.gov/api/v3/events/EONET_23205
EONET_23205,Tropical Storm Iselle,Severe Storms,2026-08-25T12:00:00Z,-120.7,20.8,7,NASA EONET v3,https://eonet.gsfc.nasa.gov/api/v3/events/EONET_23205
EONET_23205,Tropical Storm Iselle,Severe Storms,2026-08-26T00:00:00Z,-122.1,21.1,8,NASA EONET v3,https://eonet.gsfc.nasa.gov/api/v3/events/EONET_23205
EONET_23205,Tropical Storm Iselle,Severe Storms,2026-08-26T06:00:00Z,-122.9,21.5,9,NASA EONET v3,https://eonet.gsfc.nasa.gov/api/v3/events/EONET_23205
EONET_23205,Tropical Storm Iselle,Severe Storms,2026-08-26T18:00:00Z,-124.5,22.5,10,NASA EONET v3,https://eonet.gsfc.nasa.gov/api/v3/events/EONET_23205
EONET_23205,Tropical Storm Iselle,Severe Storms,2026-08-27T00:00:00Z,-125.5,22.8,11,NASA EONET v3,https://eonet.gsfc.nasa.gov/api/v3/events/EONET_23205
EONET_23206,Tropical Storm Moke,Severe Storms,2026-08-21T18:00:00Z,-146.7,13.7,0,NASA EONET v3,https://eonet.gsfc.nasa.gov/api/v3/events/EONET_23206
EONET_23206,Tropical Storm Moke,Severe Storms,2026-08-22T00:00:00Z,-147.8,13.8,1,NASA EONET v3,https://eonet.gsfc.nasa.gov/api/v3/events/EONET_23206
EONET_23206,Tropical Storm Moke,Severe Storms,2026-08-22T12:00:00Z,-149.6,14.5,2,NASA EONET v3,https://eonet.gsfc.nasa.gov/api/v3/events/EONET_23206
EONET_23206,Tropical Storm Moke,Severe Storms,2026-08-22T18:00:00Z,-150.6,14.8,3,NASA EONET v3,https://eonet.gsfc.nasa.gov/api/v3/events/EONET_23206
EONET_23206,Tropical Storm Moke,Severe Storms,2026-08-23T00:00:00Z,-151.5,15.1,4,NASA EONET v3,https://eonet.gsfc.nasa.gov/api/v3/events/EONET_23206
EONET_23206,Tropical Storm Moke,Severe Storms,2026-08-23T06:00:00Z,-152.7,15.1,5,NASA EONET v3,https://eonet.gsfc.nasa.gov/api/v3/events/EONET_23206
EONET_23206,Tropical Storm Moke,Severe Storms,2026-08-23T18:00:00Z,-155.7,15.1,6,NASA EONET v3,https://eonet.gsfc.nasa.gov/api/v3/events/EONET_23206
EONET_23206,Tropical Storm Moke,Severe Storms,2026-08-24T00:00:00Z,-156.8,15.2,7,NASA EONET v3,https://eonet.gsfc.nasa.gov/api/v3/events/EONET_23206
EONET_23206,Tropical Storm Moke,Severe Storms,2026-08-24T06:00:00Z,-157.9,15.3,8,NASA EONET v3,https://eonet.gsfc.nasa.gov/api/v3/events/EONET_23206
EONET_23206,Tropical Storm Moke,Severe Storms,2026-08-24T12:00:00Z,-159.5,15.4,9,NASA EONET v3,https://eonet.gsfc.nasa.gov/api/v3/events/EONET_23206
EONET_23206,Tropical Storm Moke,Severe Storms,2026-08-25T00:00:00Z,-162.5,15.7,10,NASA EONET v3,https://eonet.gsfc.nasa.gov/api/v3/events/EONET_23206
EONET_23206,Tropical Storm Moke,Severe Storms,2026-08-25T06:00:00Z,-163.5,16.2,11,NASA EONET v3,https://eonet.gsfc.nasa.gov/api/v3/events/EONET_23206
EONET_23207,Tropical Storm Narra,Severe Storms,2026-08-21T06:00:00Z,108.7,20.6,0,NASA EONET v3,https://eonet.gsfc.nasa.gov/api/v3/events/EONET_23207
EONET_23207,Tropical Storm Narra,Severe Storms,2026-08-21T18:00:00Z,108.6,21.1,1,NASA EONET v3,https://eonet.gsfc.nasa.gov/api/v3/events/EONET_23207
EONET_23207,Tropical Storm Narra,Severe Storms,2026-08-22T00:00:00Z,108.2,21.2,2,NASA EONET v3,https://eonet.gsfc.nasa.gov/api/v3/events/EONET_23207
EONET_23207,Tropical Storm Narra,Severe Storms,2026-08-22T12:00:00Z,108.1,20.9,3,NASA EONET v3,https://eonet.gsfc.nasa.gov/api/v3/events/EONET_23207
EONET_23207,Tropical Storm Narra,Severe Storms,2026-08-23T00:00:00Z,108.0,20.7,4,NASA EONET v3,https://eonet.gsfc.nasa.gov/api/v3/events/EONET_23207
EONET_23207,Tropical Storm Narra,Severe Storms,2026-08-23T06:00:00Z,108.1,20.6,5,NASA EONET v3,https://eonet.gsfc.nasa.gov/api/v3/events/EONET_23207
EONET_23207,Tropical Storm Narra,Severe Storms,2026-08-23T18:00:00Z,107.8,20.4,6,NASA EONET v3,https://eonet.gsfc.nasa.gov/api/v3/events/EONET_23207
EONET_23207,Tropical Storm Narra,Severe Storms,2026-08-24T00:00:00Z,107.6,20.3,7,NASA EONET v3,https://eonet.gsfc.nasa.gov/api/v3/events/EONET_23207
EONET_23207,Tropical Storm Narra,Severe Storms,2026-08-24T12:00:00Z,107.3,19.6,8,NASA EONET v3,https://eonet.gsfc.nasa.gov/api/v3/events/EONET_23207
EONET_23207,Tropical Storm Narra,Severe Storms,2026-08-25T00:00:00Z,107.5,19.3,9,NASA EONET v3,https://eonet.gsfc.nasa.gov/api/v3/events/EONET_23207
EONET_23207,Tropical Storm Narra,Severe Storms,2026-08-25T06:00:00Z,108.2,19.4,10,NASA EONET v3,https://eonet.gsfc.nasa.gov/api/v3/events/EONET_23207
EONET_23207,Tropical Storm Narra,Severe Storms,2026-08-25T18:00:00Z,109.6,20.0,11,NASA EONET v3,https://eonet.gsfc.nasa.gov/api/v3/events/EONET_23207
EONET_22926,Typhoon Saudel,Severe Storms,2026-08-19T00:00:00Z,154.2,8.6,0,NASA EONET v3,https://eonet.gsfc.nasa.gov/api/v3/events/EONET_22926
EONET_22926,Typhoon Saudel,Severe Storms,2026-08-20T06:00:00Z,150.9,11.9,1,NASA EONET v3,https://eonet.gsfc.nasa.gov/api/v3/events/EONET_22926
EONET_22926,Typhoon Saudel,Severe Storms,2026-08-21T18:00:00Z,147.3,17.1,2,NASA EONET v3,https://eonet.gsfc.nasa.gov/api/v3/events/EONET_22926
EONET_22926,Typhoon Saudel,Severe Storms,2026-08-23T00:00:00Z,142.3,21.0,3,NASA EONET v3,https://eonet.gsfc.nasa.gov/api/v3/events/EONET_22926
EONET_22926,Typhoon Saudel,Severe Storms,2026-08-24T12:00:00Z,133.5,24.9,4,NASA EONET v3,https://eonet.gsfc.nasa.gov/api/v3/events/EONET_22926
EONET_22926,Typhoon Saudel,Severe Storms,2026-08-25T18:00:00Z,128.1,27.5,5,NASA EONET v3,https://eonet.gsfc.nasa.gov/api/v3/events/EONET_22926
EONET_22926,Typhoon Saudel,Severe Storms,2026-08-27T06:00:00Z,124.2,28.4,6,NASA EONET v3,https://eonet.gsfc.nasa.gov/api/v3/events/EONET_22926
EONET_22926,Typhoon Saudel,Severe Storms,2026-08-28T12:00:00Z,117.8,27.7,7,NASA EONET v3,https://eonet.gsfc.nasa.gov/api/v3/events/EONET_22926
EONET_22926,Typhoon Saudel,Severe Storms,2026-08-30T00:00:00Z,111.9,24.3,8,NASA EONET v3,https://eonet.gsfc.nasa.gov/api/v3/events/EONET_22926
EONET_22926,Typhoon Saudel,Severe Storms,2026-08-31T06:00:00Z,110.5,19.4,9,NASA EONET v3,https://eonet.gsfc.nasa.gov/api/v3/events/EONET_22926
EONET_22926,Typhoon Saudel,Severe Storms,2026-09-01T18:00:00Z,116.3,21.4,10,NASA EONET v3,https://eonet.gsfc.nasa.gov/api/v3/events/EONET_22926
EONET_22926,Typhoon Saudel,Severe Storms,2026-09-03T00:00:00Z,117.4,23.8,11,NASA EONET v3,https://eonet.gsfc.nasa.gov/api/v3/events/EONET_22926
EONET_22562,Cyclone Hernan,Severe Storms,2026-08-13T06:00:00Z,-131.8,18.1,0,NASA EONET v3,https://eonet.gsfc.nasa.gov/api/v3/events/EONET_22562
EONET_22562,Cyclone Hernan,Severe Storms,2026-08-13T12:00:00Z,-131.9,18.1,1,NASA EONET v3,https://eonet.gsfc.nasa.gov/api/v3/events/EONET_22562
EONET_22562,Cyclone Hernan,Severe Storms,2026-08-13T18:00:00Z,-132.1,17.8,2,NASA EONET v3,https://eonet.gsfc.nasa.gov/api/v3/events/EONET_22562
EONET_22562,Cyclone Hernan,Severe Storms,2026-08-14T00:00:00Z,-131.9,17.1,3,NASA EONET v3,https://eonet.gsfc.nasa.gov/api/v3/events/EONET_22562
EONET_22562,Cyclone Hernan,Severe Storms,2026-08-14T06:00:00Z,-131.9,16.5,4,NASA EONET v3,https://eonet.gsfc.nasa.gov/api/v3/events/EONET_22562
EONET_22562,Cyclone Hernan,Severe Storms,2026-08-14T12:00:00Z,-132.0,15.6,5,NASA EONET v3,https://eonet.gsfc.nasa.gov/api/v3/events/EONET_22562
EONET_22562,Cyclone Hernan,Severe Storms,2026-08-14T18:00:00Z,-132.0,15.6,6,NASA EONET v3,https://eonet.gsfc.nasa.gov/api/v3/events/EONET_22562
EONET_22562,Cyclone Hernan,Severe Storms,2026-08-15T00:00:00Z,-132.1,16.1,7,NASA EONET v3,https://eonet.gsfc.nasa.gov/api/v3/events/EONET_22562
EONET_22562,Cyclone Hernan,Severe Storms,2026-08-15T06:00:00Z,-133.2,16.3,8,NASA EONET v3,https://eonet.gsfc.nasa.gov/api/v3/events/EONET_22562
EONET_22562,Cyclone Hernan,Severe Storms,2026-08-15T12:00:00Z,-134.4,16.1,9,NASA EONET v3,https://eonet.gsfc.nasa.gov/api/v3/events/EONET_22562
EONET_22562,Cyclone Hernan,Severe Storms,2026-08-15T18:00:00Z,-135.4,15.8,10,NASA EONET v3,https://eonet.gsfc.nasa.gov/api/v3/events/EONET_22562
EONET_22561,Tropical Storm Nangka,Severe Storms,2026-08-13T00:00:00Z,148.0,26.5,0,NASA EONET v3,https://eonet.gsfc.nasa.gov/api/v3/events/EONET_22561
EONET_22561,Tropical Storm Nangka,Severe Storms,2026-08-13T06:00:00Z,149.6,27.5,1,NASA EONET v3,https://eonet.gsfc.nasa.gov/api/v3/events/EONET_22561
EONET_22561,Tropical Storm Nangka,Severe Storms,2026-08-13T12:00:00Z,151.0,28.0,2,NASA EONET v3,https://eonet.gsfc.nasa.gov/api/v3/events/EONET_22561
EONET_22561,Tropical Storm Nangka,Severe Storms,2026-08-13T18:00:00Z,152.4,28.3,3,NASA EONET v3,https://eonet.gsfc.nasa.gov/api/v3/events/EONET_22561
EONET_22561,Tropical Storm Nangka,Severe Storms,2026-08-14T00:00:00Z,153.4,28.5,4,NASA EONET v3,https://eonet.gsfc.nasa.gov/api/v3/events/EONET_22561
EONET_22561,Tropical Storm Nangka,Severe Storms,2026-08-14T06:00:00Z,153.7,28.4,5,NASA EONET v3,https://eonet.gsfc.nasa.gov/api/v3/events/EONET_22561
EONET_22561,Tropical Storm Nangka,Severe Storms,2026-08-14T12:00:00Z,154.5,28.3,6,NASA EONET v3,https://eonet.gsfc.nasa.gov/api/v3/events/EONET_22561
EONET_22563,Tropical Storm Lala,Severe Storms,2026-08-12T18:00:00Z,-142.2,14.7,0,NASA EONET v3,https://eonet.gsfc.nasa.gov/api/v3/events/EONET_22563
EONET_22563,Tropical Storm Lala,Severe Storms,2026-08-14T06:00:00Z,-147.9,16.2,1,NASA EONET v3,https://eonet.gsfc.nasa.gov/api/v3/events/EONET_22563
EONET_22563,Tropical Storm Lala,Severe Storms,2026-08-15T12:00:00Z,-154.1,17.8,2,NASA EONET v3,https://eonet.gsfc.nasa.gov/api/v3/events/EONET_22563
EONET_22563,Tropical Storm Lala,Severe Storms,2026-08-17T00:00:00Z,-160.9,20.8,3,NASA EONET v3,https://eonet.gsfc.nasa.gov/api/v3/events/EONET_22563
EONET_22563,Tropical Storm Lala,Severe Storms,2026-08-18T12:00:00Z,-166.6,20.4,4,NASA EONET v3,https://eonet.gsfc.nasa.gov/api/v3/events/EONET_22563
EONET_22563,Tropical Storm Lala,Severe Storms,2026-08-19T18:00:00Z,-170.7,21.9,5,NASA EONET v3,https://eonet.gsfc.nasa.gov/api/v3/events/EONET_22563
EONET_22563,Tropical Storm Lala,Severe Storms,2026-08-21T06:00:00Z,-171.9,26.1,6,NASA EONET v3,https://eonet.gsfc.nasa.gov/api/v3/events/EONET_22563
EONET_22563,Tropical Storm Lala,Severe Storms,2026-08-22T12:00:00Z,-172.2,30.3,7,NASA EONET v3,https://eonet.gsfc.nasa.gov/api/v3/events/EONET_22563
EONET_22563,Tropical Storm Lala,Severe Storms,2026-08-24T00:00:00Z,-174.6,32.9,8,NASA EONET v3,https://eonet.gsfc.nasa.gov/api/v3/events/EONET_22563
EONET_22563,Tropical Storm Lala,Severe Storms,2026-08-25T12:00:00Z,-176.4,34.8,9,NASA EONET v3,https://eonet.gsfc.nasa.gov/api/v3/events/EONET_22563
EONET_22563,Tropical Storm Lala,Severe Storms,2026-08-26T18:00:00Z,-178.2,35.9,10,NASA EONET v3,https://eonet.gsfc.nasa.gov/api/v3/events/EONET_22563
EONET_22563,Tropical Storm Lala,Severe Storms,2026-08-28T06:00:00Z,-179.1,38.1,11,NASA EONET v3,https://eonet.gsfc.nasa.gov/api/v3/events/EONET_22563
EONET_22560,Tropical Storm Cristobal,Severe Storms,2026-08-12T15:00:00Z,-43.0,36.7,0,NASA EONET v3,https://eonet.gsfc.nasa.gov/api/v3/events/EONET_22560
EONET_22560,Tropical Storm Cristobal,Severe Storms,2026-08-12T21:00:00Z,-41.0,37.2,1,NASA EONET v3,https://eonet.gsfc.nasa.gov/api/v3/events/EONET_22560
EONET_22560,Tropical Storm Cristobal,Severe Storms,2026-08-13T09:00:00Z,-38.2,38.6,2,NASA EONET v3,https://eonet.gsfc.nasa.gov/api/v3/events/EONET_22560
EONET_22560,Tropical Storm Cristobal,Severe Storms,2026-08-13T15:00:00Z,-36.8,39.4,3,NASA EONET v3,https://eonet.gsfc.nasa.gov/api/v3/events/EONET_22560
EONET_22386,Tropical Storm 15W,Severe Storms,2026-08-10T06:00:00Z,160.7,27.1,0,NASA EONET v3,https://eonet.gsfc.nasa.gov/api/v3/events/EONET_22386
EONET_22386,Tropical Storm 15W,Severe Storms,2026-08-10T12:00:00Z,160.6,27.5,1,NASA EONET v3,https://eonet.gsfc.nasa.gov/api/v3/events/EONET_22386
EONET_22386,Tropical Storm 15W,Severe Storms,2026-08-10T18:00:00Z,160.2,27.5,2,NASA EONET v3,https://eonet.gsfc.nasa.gov/api/v3/events/EONET_22386
EONET_22386,Tropical Storm 15W,Severe Storms,2026-08-11T00:00:00Z,160.8,28.4,3,NASA EONET v3,https://eonet.gsfc.nasa.gov/api/v3/events/EONET_22386
EONET_19859,"Piton de la Fournaise, Reunion (France)",Volcanoes,2026-04-08T00:00:00Z,55.708,-21.244,0,NASA EONET v3,https://eonet.gsfc.nasa.gov/api/v3/events/EONET_19859
EONET_19906,"Akan Volcano, Japan",Volcanoes,2026-03-08T00:00:00Z,144.013,43.384,0,NASA EONET v3,https://eonet.gsfc.nasa.gov/api/v3/events/EONET_19906
EONET_19907,"Masaya Volcano, Nicaragua",Volcanoes,2026-02-13T00:00:00Z,-86.1688,11.9844,0,NASA EONET v3,https://eonet.gsfc.nasa.gov/api/v3/events/EONET_19907
EONET_19920,"Heard Volcano, Australia",Volcanoes,2026-02-11T00:00:00Z,73.513,-53.106,0,NASA EONET v3,https://eonet.gsfc.nasa.gov/api/v3/events/EONET_19920
EONET_19921,"Lascar Volcano, Chile",Volcanoes,2026-02-08T00:00:00Z,-67.73,-23.37,0,NASA EONET v3,https://eonet.gsfc.nasa.gov/api/v3/events/EONET_19921
EONET_17163,"Ambrym Volcano, Vanuatu",Volcanoes,2026-01-08T00:00:00Z,168.12,-16.25,0,NASA EONET v3,https://eonet.gsfc.nasa.gov/api/v3/events/EONET_17163
EONET_17164,"Masaya Volcano, Nicaragua",Volcanoes,2026-01-02T00:00:00Z,-86.1688,11.9844,0,NASA EONET v3,https://eonet.gsfc.nasa.gov/api/v3/events/EONET_17164
EONET_16297,"Nyamulagira Volcano, DR Congo",Volcanoes,2025-12-07T00:00:00Z,29.2,-1.408,0,NASA EONET v3,https://eonet.gsfc.nasa.gov/api/v3/events/EONET_16297
EONET_16204,"Manam Volcano, Papua New Guinea",Volcanoes,2025-11-30T00:00:00Z,145.037,-4.08,0,NASA EONET v3,https://eonet.gsfc.nasa.gov/api/v3/events/EONET_16204
EONET_16200,"Barren Island Volcano, India",Volcanoes,2025-11-29T00:00:00Z,93.858,12.278,0,NASA EONET v3,https://eonet.gsfc.nasa.gov/api/v3/events/EONET_16200
EONET_16201,"Hayli Gubbi Volcano, Ethiopia",Volcanoes,2025-11-23T12:23:00Z,40.7161,13.5111,0,NASA EONET v3,https://eonet.gsfc.nasa.gov/api/v3/events/EONET_16201
EONET_16205,"Planchón-Peteroa Volcano, Chile",Volcanoes,2025-11-13T00:00:00Z,-70.568,-35.223,0,NASA EONET v3,https://eonet.gsfc.nasa.gov/api/v3/events/EONET_16205
EONET_15810,"Ioto Volcano, Japan",Volcanoes,2025-09-01T00:00:00Z,141.289,24.751,0,NASA EONET v3,https://eonet.gsfc.nasa.gov/api/v3/events/EONET_15810
EONET_15327,"Dempo Volcano, Indonesia",Volcanoes,2025-08-29T00:00:00Z,103.121,-4.016,0,NASA EONET v3,https://eonet.gsfc.nasa.gov/api/v3/events/EONET_15327
EONET_15326,"Bagana Volcano, Papua New Guinea",Volcanoes,2025-08-28T00:00:00Z,155.196,-6.137,0,NASA EONET v3,https://eonet.gsfc.nasa.gov/api/v3/events/EONET_15326
EONET_3990,"Sulawesi, Indonesia M7.5 Earthquake",Earthquakes,2018-09-28T10:02:00Z,119.8401,-0.1781,0,NASA EONET v3,https://eonet.gsfc.nasa.gov/api/v3/events/EONET_3990
EONET_3433,Papua New Guinea Earthquake 7.5M,Earthquakes,2018-02-25T17:44:43Z,142.768,-6.068,0,NASA EONET v3,https://eonet.gsfc.nasa.gov/api/v3/events/EONET_3433
EONET_3429,"Oaxaca, Mexico Earthquake M7.2",Earthquakes,2018-02-16T23:39:42Z,-97.653,16.646,0,NASA EONET v3,https://eonet.gsfc.nasa.gov/api/v3/events/EONET_3429
EONET_3360,South Korea Earthquake 5.4M,Earthquakes,2017-11-15T05:29:00Z,129.27,36.065,0,NASA EONET v3,https://eonet.gsfc.nasa.gov/api/v3/events/EONET_3360
EONET_3359,Iran Earthquake 7.3M,Earthquakes,2017-11-12T18:18:00Z,45.956,34.905,0,NASA EONET v3,https://eonet.gsfc.nasa.gov/api/v3/events/EONET_3359
EONET_3287,"Puebla, Mexico M 7.1 Earthquake",Earthquakes,2017-09-19T00:00:00Z,-98.399,18.584,0,NASA EONET v3,https://eonet.gsfc.nasa.gov/api/v3/events/EONET_3287
EONET_3276,"Pijijiapan, Mexico M 8.1 Earthquake",Earthquakes,2017-09-08T00:00:00Z,-93.715,15.068,0,NASA EONET v3,https://eonet.gsfc.nasa.gov/api/v3/events/EONET_3276
EONET_3100,"Jiuzhaigou, China Earthquake",Earthquakes,2017-08-08T00:00:00Z,104.0951,33.2308,0,NASA EONET v3,https://eonet.gsfc.nasa.gov/api/v3/events/EONET_3100
EONET_3101,"Xhinjiang, China Earthquake",Earthquakes,2017-08-08T00:00:00Z,82.7886,44.4634,0,NASA EONET v3,https://eonet.gsfc.nasa.gov/api/v3/events/EONET_3101
EONET_2724,"Surigao , Mindanao, Philippines Earthquake",Earthquakes,2017-02-10T00:00:00Z,125.35,9.8,0,NASA EONET v3,https://eonet.gsfc.nasa.gov/api/v3/events/EONET_2724
EONET_2681,"Sumatra, Indonesia Earthquake, December 2016",Earthquakes,2016-12-07T00:00:00Z,96.108,5.281,0,NASA EONET v3,https://eonet.gsfc.nasa.gov/api/v3/events/EONET_2681
EONET_4018,"Alexander Bay, South Africa Dust Storm",Dust and Haze,2018-10-20T00:00:00Z,16.435546875,-28.680949728554964,0,NASA EONET v3,https://eonet.gsfc.nasa.gov/api/v3/events/EONET_4018
EONET_3343,"Dust Storm, Saudi Arabia/Iraq",Dust and Haze,2017-10-29T00:00:00Z,42.626953125,30.562260950499443,0,NASA EONET v3,https://eonet.gsfc.nasa.gov/api/v3/events/EONET_3343
EONET_17386,Iceberg A23J,Sea and Lake Ice,2026-01-16T00:00:00Z,-41.72,-52.86,0,NASA EONET v3,https://eonet.gsfc.nasa.gov/api/v3/events/EONET_17386
EONET_15851,Iceberg A23J,Sea and Lake Ice,2025-10-31T00:00:00Z,-38.96,-52.21,0,NASA EONET v3,https://eonet.gsfc.nasa.gov/api/v3/events/EONET_15851
EONET_15851,Iceberg A23J,Sea and Lake Ice,2025-11-21T00:00:00Z,-37.62,-51.49,1,NASA EONET v3,https://eonet.gsfc.nasa.gov/api/v3/events/EONET_15851
EONET_15493,Iceberg A23I,Sea and Lake Ice,2025-09-11T00:00:00Z,-36.94,-53.0,0,NASA EONET v3,https://eonet.gsfc.nasa.gov/api/v3/events/EONET_15493
EONET_15493,Iceberg A23I,Sea and Lake Ice,2025-09-18T00:00:00Z,-37.11,-52.37,1,NASA EONET v3,https://eonet.gsfc.nasa.gov/api/v3/events/EONET_15493
EONET_15493,Iceberg A23I,Sea and Lake Ice,2025-09-26T00:00:00Z,-37.51,-53.22,2,NASA EONET v3,https://eonet.gsfc.nasa.gov/api/v3/events/EONET_15493
EONET_15493,Iceberg A23I,Sea and Lake Ice,2025-10-09T00:00:00Z,-40.0,-53.51,3,NASA EONET v3,https://eonet.gsfc.nasa.gov/api/v3/events/EONET_15493
EONET_15493,Iceberg A23I,Sea and Lake Ice,2025-10-16T00:00:00Z,-41.57,-52.25,4,NASA EONET v3,https://eonet.gsfc.nasa.gov/api/v3/events/EONET_15493
EONET_15493,Iceberg A23I,Sea and Lake Ice,2025-10-23T00:00:00Z,-40.46,-50.93,5,NASA EONET v3,https://eonet.gsfc.nasa.gov/api/v3/events/EONET_15493
EONET_15493,Iceberg A23I,Sea and Lake Ice,2025-10-31T00:00:00Z,-39.9,-50.26,6,NASA EONET v3,https://eonet.gsfc.nasa.gov/api/v3/events/EONET_15493
EONET_15493,Iceberg A23I,Sea and Lake Ice,2025-11-14T00:00:00Z,-39.23,-49.76,7,NASA EONET v3,https://eonet.gsfc.nasa.gov/api/v3/events/EONET_15493
EONET_15494,Iceberg B22J,Sea and Lake Ice,2025-09-11T00:00:00Z,-173.26,-71.98,0,NASA EONET v3,https://eonet.gsfc.nasa.gov/api/v3/events/EONET_15494
EONET_15494,Iceberg B22J,Sea and Lake Ice,2025-09-26T00:00:00Z,-174.24,-71.58,1,NASA EONET v3,https://eonet.gsfc.nasa.gov/api/v3/events/EONET_15494
EONET_15494,Iceberg B22J,Sea and Lake Ice,2025-10-16T00:00:00Z,-175.8,-71.17,2,NASA EONET v3,https://eonet.gsfc.nasa.gov/api/v3/events/EONET_15494
EONET_15494,Iceberg B22J,Sea and Lake Ice,2025-11-07T00:00:00Z,-176.71,-70.66,3,NASA EONET v3,https://eonet.gsfc.nasa.gov/api/v3/events/EONET_15494
EONET_15494,Iceberg B22J,Sea and Lake Ice,2025-11-21T00:00:00Z,-177.39,-70.17,4,NASA EONET v3,https://eonet.gsfc.nasa.gov/api/v3/events/EONET_15494
EONET_15494,Iceberg B22J,Sea and Lake Ice,2025-11-28T00:00:00Z,-177.39,-69.25,5,NASA EONET v3,https://eonet.gsfc.nasa.gov/api/v3/events/EONET_15494
EONET_15494,Iceberg B22J,Sea and Lake Ice,2025-12-05T00:00:00Z,-178.78,-69.1,6,NASA EONET v3,https://eonet.gsfc.nasa.gov/api/v3/events/EONET_15494
EONET_15494,Iceberg B22J,Sea and Lake Ice,2026-01-09T00:00:00Z,-178.79,-68.55,7,NASA EONET v3,https://eonet.gsfc.nasa.gov/api/v3/events/EONET_15494
EONET_15494,Iceberg B22J,Sea and Lake Ice,2026-01-16T00:00:00Z,-178.99,-69.02,8,NASA EONET v3,https://eonet.gsfc.nasa.gov/api/v3/events/EONET_15494
EONET_15494,Iceberg B22J,Sea and Lake Ice,2026-01-30T00:00:00Z,-178.22,-68.62,9,NASA EONET v3,https://eonet.gsfc.nasa.gov/api/v3/events/EONET_15494
EONET_15488,Iceberg A23G,Sea and Lake Ice,2025-09-04T00:00:00Z,-37.22,-53.17,0,NASA EONET v3,https://eonet.gsfc.nasa.gov/api/v3/events/EONET_15488
EONET_15488,Iceberg A23G,Sea and Lake Ice,2025-09-18T00:00:00Z,-39.45,-53.35,1,NASA EONET v3,https://eonet.gsfc.nasa.gov/api/v3/events/EONET_15488
EONET_15488,Iceberg A23G,Sea and Lake Ice,2025-10-09T00:00:00Z,-38.96,-52.55,2,NASA EONET v3,https://eonet.gsfc.nasa.gov/api/v3/events/EONET_15488
EONET_15488,Iceberg A23G,Sea and Lake Ice,2025-11-07T00:00:00Z,-38.0,-52.59,3,NASA EONET v3,https://eonet.gsfc.nasa.gov/api/v3/events/EONET_15488
EONET_15488,Iceberg A23G,Sea and Lake Ice,2025-11-14T00:00:00Z,-38.19,-53.27,4,NASA EONET v3,https://eonet.gsfc.nasa.gov/api/v3/events/EONET_15488
EONET_15488,Iceberg A23G,Sea and Lake Ice,2025-11-21T00:00:00Z,-37.21,-52.9,5,NASA EONET v3,https://eonet.gsfc.nasa.gov/api/v3/events/EONET_15488
EONET_15488,Iceberg A23G,Sea and Lake Ice,2025-11-28T00:00:00Z,-38.63,-50.92,6,NASA EONET v3,https://eonet.gsfc.nasa.gov/api/v3/events/EONET_15488
EONET_15489,Iceberg A23H,Sea and Lake Ice,2025-09-04T00:00:00Z,-37.18,-53.38,0,NASA EONET v3,https://eonet.gsfc.nasa.gov/api/v3/events/EONET_15489
EONET_15489,Iceberg A23H,Sea and Lake Ice,2025-09-18T00:00:00Z,-37.99,-53.46,1,NASA EONET v3,https://eonet.gsfc.nasa.gov/api/v3/events/EONET_15489
EONET_15489,Iceberg A23H,Sea and Lake Ice,2025-09-26T00:00:00Z,-40.44,-53.36,2,NASA EONET v3,https://eonet.gsfc.nasa.gov/api/v3/events/EONET_15489
EONET_15489,Iceberg A23H,Sea and Lake Ice,2025-10-09T00:00:00Z,-41.29,-51.63,3,NASA EONET v3,https://eonet.gsfc.nasa.gov/api/v3/events/EONET_15489
EONET_15489,Iceberg A23H,Sea and Lake Ice,2025-10-16T00:00:00Z,-39.99,-51.54,4,NASA EONET v3,https://eonet.gsfc.nasa.gov/api/v3/events/EONET_15489
EONET_15060,Iceberg A23F,Sea and Lake Ice,2025-08-21T00:00:00Z,-35.52,-53.88,0,NASA EONET v3,https://eonet.gsfc.nasa.gov/api/v3/events/EONET_15060
EONET_14506,Iceberg A23D,Sea and Lake Ice,2025-07-18T00:00:00Z,-33.42,-56.44,0,NASA EONET v3,https://eonet.gsfc.nasa.gov/api/v3/events/EONET_14506
EONET_14506,Iceberg A23D,Sea and Lake Ice,2025-07-31T00:00:00Z,-35.43,-53.88,1,NASA EONET v3,https://eonet.gsfc.nasa.gov/api/v3/events/EONET_14506
EONET_14506,Iceberg A23D,Sea and Lake Ice,2025-08-08T00:00:00Z,-37.57,-52.24,2,NASA EONET v3,https://eonet.gsfc.nasa.gov/api/v3/events/EONET_14506
EONET_14506,Iceberg A23D,Sea and Lake Ice,2025-08-21T00:00:00Z,-37.95,-51.67,3,NASA EONET v3,https://eonet.gsfc.nasa.gov/api/v3/events/EONET_14506
EONET_14506,Iceberg A23D,Sea and Lake Ice,2025-08-28T00:00:00Z,-35.94,-50.96,4,NASA EONET v3,https://eonet.gsfc.nasa.gov/api/v3/events/EONET_14506
EONET_14507,Iceberg A23E,Sea and Lake Ice,2025-07-18T00:00:00Z,-33.26,-56.51,0,NASA EONET v3,https://eonet.gsfc.nasa.gov/api/v3/events/EONET_14507
EONET_14507,Iceberg A23E,Sea and Lake Ice,2025-07-31T00:00:00Z,-33.17,-55.88,1,NASA EONET v3,https://eonet.gsfc.nasa.gov/api/v3/events/EONET_14507
EONET_14507,Iceberg A23E,Sea and Lake Ice,2025-08-08T00:00:00Z,-34.73,-54.53,2,NASA EONET v3,https://eonet.gsfc.nasa.gov/api/v3/events/EONET_14507
EONET_14507,Iceberg A23E,Sea and Lake Ice,2025-08-14T00:00:00Z,-34.96,-53.93,3,NASA EONET v3,https://eonet.gsfc.nasa.gov/api/v3/events/EONET_14507
EONET_14507,Iceberg A23E,Sea and Lake Ice,2025-08-21T00:00:00Z,-33.81,-52.17,4,NASA EONET v3,https://eonet.gsfc.nasa.gov/api/v3/events/EONET_14507
EONET_14507,Iceberg A23E,Sea and Lake Ice,2025-08-28T00:00:00Z,-33.55,-51.63,5,NASA EONET v3,https://eonet.gsfc.nasa.gov/api/v3/events/EONET_14507
EONET_14507,Iceberg A23E,Sea and Lake Ice,2025-09-11T00:00:00Z,-33.17,-50.98,6,NASA EONET v3,https://eonet.gsfc.nasa.gov/api/v3/events/EONET_14507
EONET_14285,Iceberg B22I,Sea and Lake Ice,2025-07-11T00:00:00Z,-168.96,-73.85,0,NASA EONET v3,https://eonet.gsfc.nasa.gov/api/v3/events/EONET_14285
EONET_14285,Iceberg B22I,Sea and Lake Ice,2025-08-08T00:00:00Z,-168.97,-73.21,1,NASA EONET v3,https://eonet.gsfc.nasa.gov/api/v3/events/EONET_14285
EONET_14285,Iceberg B22I,Sea and Lake Ice,2025-08-28T00:00:00Z,-170.32,-72.07,2,NASA EONET v3,https://eonet.gsfc.nasa.gov/api/v3/events/EONET_14285
EONET_14285,Iceberg B22I,Sea and Lake Ice,2025-09-04T00:00:00Z,-172.39,-71.96,3,NASA EONET v3,https://eonet.gsfc.nasa.gov/api/v3/events/EONET_14285
EONET_14285,Iceberg B22I,Sea and Lake Ice,2025-09-11T00:00:00Z,-173.67,-71.72,4,NASA EONET v3,https://eonet.gsfc.nasa.gov/api/v3/events/EONET_14285
EONET_14285,Iceberg B22I,Sea and Lake Ice,2025-10-16T00:00:00Z,-175.21,-71.16,5,NASA EONET v3,https://eonet.gsfc.nasa.gov/api/v3/events/EONET_14285
EONET_14285,Iceberg B22I,Sea and Lake Ice,2025-11-21T00:00:00Z,-177.14,-70.47,6,NASA EONET v3,https://eonet.gsfc.nasa.gov/api/v3/events/EONET_14285
EONET_14285,Iceberg B22I,Sea and Lake Ice,2025-11-28T00:00:00Z,-178.16,-69.98,7,NASA EONET v3,https://eonet.gsfc.nasa.gov/api/v3/events/EONET_14285
EONET_14285,Iceberg B22I,Sea and Lake Ice,2025-12-05T00:00:00Z,-179.71,-70.13,8,NASA EONET v3,https://eonet.gsfc.nasa.gov/api/v3/events/EONET_14285
EONET_14285,Iceberg B22I,Sea and Lake Ice,2026-01-02T00:00:00Z,179.75,-70.56,9,NASA EONET v3,https://eonet.gsfc.nasa.gov/api/v3/events/EONET_14285
EONET_14285,Iceberg B22I,Sea and Lake Ice,2026-02-06T00:00:00Z,-178.59,-70.0,10,NASA EONET v3,https://eonet.gsfc.nasa.gov/api/v3/events/EONET_14285
EONET_14285,Iceberg B22I,Sea and Lake Ice,2026-02-26T00:00:00Z,-178.37,-69.52,11,NASA EONET v3,https://eonet.gsfc.nasa.gov/api/v3/events/EONET_14285
EONET_13367,Iceberg A23C,Sea and Lake Ice,2025-04-24T00:00:00Z,-36.83,-56.25,0,NASA EONET v3,https://eonet.gsfc.nasa.gov/api/v3/events/EONET_13367
EONET_13367,Iceberg A23C,Sea and Lake Ice,2025-05-02T00:00:00Z,-34.16,-56.76,1,NASA EONET v3,https://eonet.gsfc.nasa.gov/api/v3/events/EONET_13367
EONET_13367,Iceberg A23C,Sea and Lake Ice,2025-05-09T00:00:00Z,-34.77,-55.8,2,NASA EONET v3,https://eonet.gsfc.nasa.gov/api/v3/events/EONET_13367
EONET_13367,Iceberg A23C,Sea and Lake Ice,2025-05-16T00:00:00Z,-34.3,-54.27,3,NASA EONET v3,https://eonet.gsfc.nasa.gov/api/v3/events/EONET_13367
EONET_13368,Iceberg D36A,Sea and Lake Ice,2025-04-24T00:00:00Z,86.55,-66.32,0,NASA EONET v3,https://eonet.gsfc.nasa.gov/api/v3/events/EONET_13368
EONET_13369,Iceberg D36B,Sea and Lake Ice,2025-04-24T00:00:00Z,86.74,-66.25,0,NASA EONET v3,https://eonet.gsfc.nasa.gov/api/v3/events/EONET_13369
EONET_12617,Iceberg A23B,Sea and Lake Ice,2025-01-31T00:00:00Z,-40.87,-56.79,0,NASA EONET v3,https://eonet.gsfc.nasa.gov/api/v3/events/EONET_12617
EONET_12617,Iceberg A23B,Sea and Lake Ice,2025-02-06T00:00:00Z,-40.94,-57.42,1,NASA EONET v3,https://eonet.gsfc.nasa.gov/api/v3/events/EONET_12617
EONET_12617,Iceberg A23B,Sea and Lake Ice,2025-02-14T00:00:00Z,-40.23,-57.81,2,NASA EONET v3,https://eonet.gsfc.nasa.gov/api/v3/events/EONET_12617
EONET_12617,Iceberg A23B,Sea and Lake Ice,2025-02-28T00:00:00Z,-39.53,-58.3,3,NASA EONET v3,https://eonet.gsfc.nasa.gov/api/v3/events/EONET_12617
EONET_12617,Iceberg A23B,Sea and Lake Ice,2025-03-13T00:00:00Z,-38.99,-57.41,4,NASA EONET v3,https://eonet.gsfc.nasa.gov/api/v3/events/EONET_12617
EONET_10213,Iceberg B22G,Sea and Lake Ice,2024-08-15T00:00:00Z,-127.08,-72.46,0,NASA EONET v3,https://eonet.gsfc.nasa.gov/api/v3/events/EONET_10213
EONET_10213,Iceberg B22G,Sea and Lake Ice,2025-01-02T00:00:00Z,-139.07,-74.36,1,NASA EONET v3,https://eonet.gsfc.nasa.gov/api/v3/events/EONET_10213
EONET_10213,Iceberg B22G,Sea and Lake Ice,2025-03-06T00:00:00Z,-148.24,-75.38,2,NASA EONET v3,https://eonet.gsfc.nasa.gov/api/v3/events/EONET_10213
EONET_10213,Iceberg B22G,Sea and Lake Ice,2025-04-04T00:00:00Z,-154.86,-75.34,3,NASA EONET v3,https://eonet.gsfc.nasa.gov/api/v3/events/EONET_10213
EONET_10213,Iceberg B22G,Sea and Lake Ice,2025-05-16T00:00:00Z,-157.83,-74.38,4,NASA EONET v3,https://eonet.gsfc.nasa.gov/api/v3/events/EONET_10213
EONET_10213,Iceberg B22G,Sea and Lake Ice,2025-06-05T00:00:00Z,-161.08,-73.79,5,NASA EONET v3,https://eonet.gsfc.nasa.gov/api/v3/events/EONET_10213
EONET_10213,Iceberg B22G,Sea and Lake Ice,2025-07-18T00:00:00Z,-162.07,-72.14,6,NASA EONET v3,https://eonet.gsfc.nasa.gov/api/v3/events/EONET_10213
EONET_10213,Iceberg B22G,Sea and Lake Ice,2025-08-08T00:00:00Z,-160.83,-71.28,7,NASA EONET v3,https://eonet.gsfc.nasa.gov/api/v3/events/EONET_10213
EONET_10213,Iceberg B22G,Sea and Lake Ice,2025-08-28T00:00:00Z,-161.82,-70.61,8,NASA EONET v3,https://eonet.gsfc.nasa.gov/api/v3/events/EONET_10213
EONET_10213,Iceberg B22G,Sea and Lake Ice,2025-09-18T00:00:00Z,-162.1,-71.25,9,NASA EONET v3,https://eonet.gsfc.nasa.gov/api/v3/events/EONET_10213
EONET_10213,Iceberg B22G,Sea and Lake Ice,2025-11-14T00:00:00Z,-161.18,-69.62,10,NASA EONET v3,https://eonet.gsfc.nasa.gov/api/v3/events/EONET_10213
EONET_10213,Iceberg B22G,Sea and Lake Ice,2026-02-26T00:00:00Z,-159.71,-68.77,11,NASA EONET v3,https://eonet.gsfc.nasa.gov/api/v3/events/EONET_10213
EONET_3362,"Phytoplankton Bloom, Tasman Sea/New Zealand",Water Color,2017-11-05T00:00:00Z,169.365234375,-43.43696596521822,0,NASA EONET v3,https://eonet.gsfc.nasa.gov/api/v3/events/EONET_3362
